slug,active_installs
contact-form-7,5000000
wordpress-seo,5000000
akismet,5000000
jetpack,5000000
woocommerce,4000000
wordpress-importer,4000000
classic-editor,3000000
wordfence,2000000
duplicate-post,2000000
all-in-one-seo-pack,2000000
tinymce-advanced,2000000
google-sitemap-generator,2000000
really-simple-ssl,2000000
google-analytics-for-wordpress,2000000
wp-super-cache,2000000
elementor,2000000
updraftplus,2000000
all-in-one-wp-migration,2000000
wpforms-lite,1000000
limit-login-attempts,1000000
google-analytics-dashboard-for-wp,1000000
regenerate-thumbnails,1000000
advanced-custom-fields,1000000
mailchimp-for-wp,1000000
siteorigin-panels,1000000
worker,1000000
hello-dolly,1000000
wp-smushit,1000000
duplicator,1000000
w3-total-cache,1000000
redirection,1000000
wp-mail-smtp,1000000
ninja-forms,1000000
so-widgets-bundle,1000000
disable-comments,1000000
wp-multibyte-patch,1000000
cookie-notice,1000000
nextgen-gallery,900000
really-simple-captcha,900000
better-wp-security,900000
wp-fastest-cache,900000
ml-slider,900000
autoptimize,900000
coming-soon,900000
optinmonster,800000
loco-translate,800000
wp-pagenavi,800000
wp-optimize,800000
loginizer,800000
duplicate-page,800000
shortcodes-ultimate,800000
instagram-feed,800000
woocommerce-gateway-paypal-express-checkout,800000
breadcrumb-navxt,800000
black-studio-tinymce-widget,800000
redux-framework,800000
all-in-one-wp-security-and-firewall,700000
tablepress,700000
limit-login-attempts-reloaded,700000
the-events-calendar,700000
ewww-image-optimizer,700000
insert-headers-and-footers,700000
better-search-replace,700000
broken-link-checker,600000
backwpup,600000
yith-woocommerce-wishlist,600000
wp-maintenance-mode,600000
custom-post-type-ui,600000
force-regenerate-thumbnails,600000
one-click-demo-import,600000
woocommerce-services,600000
contact-widgets,600000
user-role-editor,500000
googleanalytics,500000
sg-cachepress,500000
litespeed-cache,500000
post-types-order,500000
add-to-any,500000
beaver-builder-lite-version,500000
wp-statistics,500000
woocommerce-gateway-stripe,500000
sucuri-scanner,500000
wp-google-maps,400000
flamingo,400000
cookie-law-info,400000
polylang,400000
mailchimp-for-woocommerce,400000
maintenance,400000
antispam-bee,400000
woo-gutenberg-products-block,400000
meta-box,400000
smart-slider-3,400000
taxonomy-terms-order,400000
image-widget,400000
wps-hide-login,400000
easy-wp-smtp,300000
easy-google-fonts,300000
photo-gallery,300000
iwp-client,300000
velvet-blues-update-urls,300000
ocean-extra,300000
widget-importer-exporter,300000
amp,300000
enable-media-replace,300000
woosidebars,300000
popup-maker,300000
themeisle-companion,300000
simple-custom-css,300000
simple-301-redirects,300000
bbpress,300000
wp-user-avatar,300000
easy-fancybox,300000
mainwp-child,300000
table-of-contents-plus,300000
wordpress-popular-posts,300000
wp-file-manager,300000
newsletter,300000
under-construction-page,300000
ssl-insecure-content-fixer,300000
wp-migrate-db,300000
widget-logic,300000
responsive-lightbox,300000
admin-menu-editor,300000
megamenu,200000
kirki,200000
formidable,200000
wysija-newsletters,200000
simple-page-ordering,200000
intuitive-custom-post-order,200000
imsanity,200000
wp-db-backup,200000
ps-auto-sitemap,200000
page-links-to,200000
wp-instagram-widget,200000
pirate-forms,200000
backupwordpress,200000
so-css,200000
types,200000
adminimize,200000
child-theme-configurator,200000
custom-sidebars,200000
wp-clone-by-wp-academy,200000
svg-support,200000
contact-form-7-honeypot,200000
cmb2,200000
yith-woocommerce-compare,200000
uk-cookie-consent,200000
ultimate-social-media-icons,200000
quick-pagepost-redirect-plugin,200000
ga-google-analytics,200000
simple-social-icons,200000
google-analyticator,200000
pretty-link,200000
php-code-widget,200000
stops-core-theme-and-plugin-updates,200000
buddypress,200000
custom-facebook-feed,200000
youtube-embed-plus,200000
duracelltomi-google-tag-manager,200000
gotmls,200000
gutenberg,200000
disable-gutenberg,200000
siteguard,200000
anti-spam,200000
wp-postviews,200000
wp-sitemap-page,200000
wptouch,200000
google-captcha,200000
simple-lightbox,200000
ad-inserter,200000
addquicktag,200000
cloudflare,200000
pdf-embedder,200000
simple-custom-post-order,200000
pubsubhubbub,200000
all-404-redirect-to-homepage,200000
caldera-forms,200000
disqus-comment-system,200000
recent-posts-widget-extended,200000
cyr3lat,200000
login-lockdown,200000
genesis-simple-edits,200000
tiny-compress-images,200000
unyson,100000
header-footer,100000
imagify,100000
godaddy-email-marketing-sign-up-forms,100000
password-protected,100000
contact-form-cfdb7,100000
search-and-replace,100000
recent-tweets-widget,100000
custom-css-js,100000
addthis,100000
search-regex,100000
use-any-font,100000
wp-retina-2x,100000
members,100000
nextend-facebook-connect,100000
tawkto-live-chat,100000
rustolat,100000
recent-posts-widget-with-thumbnails,100000
menu-icons,100000
woocommerce-pdf-invoices-packing-slips,100000
all-in-one-favicon,100000
foogallery,100000
wp-slimstat,100000
social-networks-auto-poster-facebook-twitter-g,100000
sydney-toolbox,100000
wp-edit,100000
post-duplicator,100000
simple-share-buttons-adder,100000
favicon-by-realfavicongenerator,100000
better-font-awesome,100000
q2w3-fixed-widget,100000
easy-theme-and-plugin-upgrades,100000
email-subscribers,100000
call-now-button,100000
accelerated-mobile-pages,100000
qtranslate-x,100000
a3-lazy-load,100000
master-slider,100000
theme-my-login,100000
column-shortcodes,100000
title-remover,100000
contact-form-plugin,100000
enhanced-media-library,100000
rename-wp-login,100000
envira-gallery-lite,100000
essential-addons-for-elementor-lite,100000
wp-dbmanager,100000
shortpixel-image-optimiser,100000
exclude-pages,100000
eu-cookie-law,100000
facebook-pagelike-widget,100000
foobox-image-lightbox,100000
contact-form-7-datepicker,100000
all-in-one-event-calendar,100000
gtranslate,100000
cornerstone,100000
count-per-day,100000
seo-ultimate,100000
404-to-301,100000
custom-permalinks,100000
wp-gdpr-compliance,100000
official-statcounter-plugin-for-wordpress,100000
code-snippets,100000
auto-post-thumbnail,100000
wp-jalali,100000
auto-terms-of-service-and-privacy-policy,100000
official-facebook-pixel,100000
seo-image,100000
no-category-base-wpml,100000
social-media-widget,100000
maxbuttons,100000
iframe,100000
events-manager,100000
email-address-encoder,100000
easy-facebook-likebox,100000
relevanssi,100000
quick-adsense,100000
list-category-posts,100000
wordpress-ping-optimizer,100000
wp-add-custom-css,100000
white-label-cms,100000
ultimate-member,100000
google-language-translator,100000
woo-checkout-field-editor-pro,100000
popup-builder,100000
content-views-query-and-display-post-page,100000
themegrill-demo-importer,100000
https-redirection,100000
customizer-export-import,100000
wp-job-manager,100000
wp-polls,100000
api-key-for-google-maps,100000
sumome,100000
responsive-menu,100000
mce-table-buttons,100000
cloudflare-flexible-ssl,100000
custom-post-type-permalinks,100000
underconstruction,100000
mailchimp,100000
wp-reset,100000
display-posts-shortcode,100000
glue-for-yoast-seo-amp,100000
widget-css-classes,100000
contact-form-7-mailchimp-extension,100000
rvg-optimize-database,100000
acf-content-analysis-for-yoast-seo,100000
wp-google-fonts,100000
wordpress-23-related-posts-plugin,100000
download-manager,100000
user-switching,100000
genesis-enews-extended,100000
edit-author-slug,100000
nav-menu-roles,100000
facebook-for-woocommerce,100000
portfolio-post-type,100000
wp-cerber,100000
statify,100000
wp-editor,100000
pixelyoursite,100000
aryo-activity-log,100000
wp-all-import,100000
download-monitor,100000
yikes-inc-easy-mailchimp-extender,100000
instagram-slider-widget,100000
wp-content-copy-protector,100000
simple-tags,100000
add-from-server,100000
xml-sitemap-feed,100000
tracking-code-manager,100000
simple-image-sizes,100000
fancybox-for-wordpress,100000
wp-google-map-plugin,100000
sendgrid-email-delivery-simplified,100000
page-scroll-to-id,100000
wp-social-bookmarking-light,100000
wordpress-https,100000
post-type-switcher,100000
disable-xml-rpc,100000
astra-sites,100000
codepress-admin-columns,100000
block-bad-queries,100000
php-compatibility-checker,100000
form-maker,100000
onesignal-free-web-push-notifications,100000
contact-form-7-dynamic-text-extension,100000
hide-title,100000
yith-woocommerce-ajax-navigation,100000
wpcf7-redirect,100000
remove-query-strings-from-static-resources,100000
woocommerce-multilingual,100000
p3-profiler,100000
header-footer-elementor,100000
blogger-importer,100000
google-maps-widget,100000
codelights-shortcodes-and-widgets,100000
mw-wp-form,100000
premium-addons-for-elementor,100000
header-and-footer-scripts,100000
wp-postratings,100000
advanced-access-manager,100000
oauth-twitter-feed-for-developers,100000
advanced-excerpt,100000
insert-php,100000
mailpoet,100000
wp-lightbox-2,100000
revision-control,100000
disable-google-fonts,100000
post-smtp,100000
visual-form-builder,100000
yith-woocommerce-quick-view,100000
health-check,100000
slideshow-jquery-image-gallery,100000
advanced-ads,90000
heartbeat-control,90000
post-views-counter,90000
wp-crontrol,90000
mesmerize-companion,90000
all-in-one-schemaorg-rich-snippets,90000
yith-woocommerce-ajax-search,90000
peters-login-redirect,90000
mappress-google-maps-for-wordpress,90000
category-posts,90000
virtue-toolkit,90000
social-media-feather,90000
yith-woocommerce-zoom-magnifier,90000
wpfront-scroll-top,90000
bj-lazy-load,90000
quick-adsense-reloaded,90000
theme-check,90000
404page,90000
google-calendar-events,90000
simple-history,90000
amr-shortcode-any-widget,90000
kingcomposer,90000
woocommerce-google-analytics-integration,90000
wp-rollback,90000
ajax-thumbnail-rebuild,90000
video-thumbnails,90000
dynamic-featured-image,90000
cms-tree-page-view,90000
wd-instagram-feed,90000
automatic-updater,90000
cf7-conditional-fields,90000
autodescription,80000
post-expirator,80000
wonderm00ns-simple-facebook-open-graph-tags,80000
click-to-chat-for-whatsapp,80000
cleantalk-spam-protect,80000
wp-simple-firewall,80000
cryout-theme-settings,80000
shareaholic,80000
wp-security-audit-log,80000
login-customizer,80000
widget-shortcode,80000
zopim-live-chat,80000
categories-images,80000
kk-star-ratings,80000
ithemes-sync,80000
real-time-find-and-replace,80000
soliloquy-lite,80000
custom-field-template,80000
cyr2lat,80000
menu-image,80000
vaultpress,80000
invisible-recaptcha,80000
disable-xml-rpc-pingback,80000
asesor-cookies-para-la-ley-en-espana,80000
lazy-load,80000
wpcat2tag-importer,80000
search-everything,80000
social-icons-widget-by-wpzoom,80000
disable-emojis,80000
really-simple-csv-importer,80000
reveal-ids-for-wp-admin-25,80000
woocommerce-square,80000
pushpress,80000
spacer,80000
simple-css,80000
google-document-embedder,80000
wp-members,80000
wp-jquery-lightbox,80000
paid-memberships-pro,80000
widget-options,80000
wordpress-popup,80000
genesis-simple-hooks,80000
easy-twitter-feed-widget,80000
strong-testimonials,80000
wordpress-social-login,80000
sassy-social-share,80000
wp-sweep,70000
sticky-menu-or-anything-on-scroll,70000
jquery-collapse-o-matic,70000
options-framework,70000
wordpress-database-reset,70000
one-click-child-theme,70000
wp-video-lightbox,70000
simple-sitemap,70000
safe-svg,70000
backup,70000
capability-manager-enhanced,70000
everest-forms,70000
wp-review,70000
bulletproof-security,70000
website-monetization-by-magenet,70000
google-sitemap-plugin,70000
minimal-coming-soon-maintenance-mode,70000
simple-local-avatars,70000
wp-tab-widget,70000
snazzy-maps,70000
mailgun,70000
easy-columns,70000
bwp-google-xml-sitemaps,70000
woocommerce-products-filter,70000
link-manager,70000
mashsharer,70000
woocommerce-gateway-paypal-powered-by-braintree,70000
wp-responsive-menu,70000
widget-context,70000
social-warfare,70000
feed-them-social,70000
antivirus,70000
smk-sidebar-generator,70000
pods,70000
yikes-inc-easy-custom-woocommerce-product-tabs,70000
wp-meta-and-date-remover,70000
admin-custom-login,70000
ultimate-tinymce,70000
gallery-by-supsystic,70000
slider-wd,70000
elementor-addon-widgets,70000
show-current-template,70000
wp-piwik,70000
custom-login,70000
re-add-underline-justify,70000
movabletype-importer,70000
page-or-post-clone,70000
async-javascript,70000
clearfy,60000
enhanced-text-widget,60000
query-monitor,60000
fast-velocity-minify,60000
testimonials-by-woothemes,60000
slide-anything,60000
woocommerce-menu-bar-cart,60000
wp-database-backup,60000
wp-smtp,60000
easy-table-of-contents,60000
use-google-libraries,60000
dynamic-widgets,60000
resmushit-image-optimizer,60000
genesis-responsive-slider,60000
comet-cache,60000
popups,60000
resize-image-after-upload,60000
fb-instant-articles,60000
tac,60000
ultimate-social-media-plus,60000
cache-enabler,60000
powerpress,60000
advanced-responsive-video-embedder,60000
wp-customer-reviews,60000
bwp-minify,60000
contextual-related-posts,60000
wp-live-chat-support,60000
yuzo-related-post,60000
nginx-helper,60000
mega-addons-for-visual-composer,60000
widgets-on-pages,60000
super-socializer,60000
wp-featherlight,60000
simple-image-widget,60000
leadin,60000
platinum-seo-pack,60000
font-awesome-4-menus,60000
login-logo,60000
wp-force-ssl,60000
schema,60000
remove-category-url,60000
wp-shortcode,60000
easy-digital-downloads,60000
gdpr-cookie-compliance,60000
optimus,60000
wp-rss-aggregator,60000
advanced-custom-fields-font-awesome,60000
post-grid,60000
woocommerce-checkout-manager,60000
varnish-http-purge,60000
404-to-start,60000
login-with-ajax,60000
social-pug,60000
facebook-like-box-widget,60000
navmenu-addon-for-elementor,60000
better-delete-revision,60000
wpfront-user-role-editor,60000
sitemap,60000
wp-mail-logging,60000
shapely-companion,60000
login-recaptcha,60000
mystickymenu,60000
nofollow,60000
famethemes-demo-importer,60000
amazon-associates-link-builder,60000
embed-any-document,60000
wp-paginate,60000
wp-security-scan,60000
wp-store-locator,60000
give,60000
subscribe2,60000
subscribe-to-comments,50000
wp-page-widget,50000
easy-table,50000
wp-nested-pages,50000
wp-all-export,50000
contact-form-submissions,50000
learnpress,50000
check-email,50000
hummingbird-performance,50000
addon-elements-for-elementor-page-builder,50000
accesspress-social-share,50000
easy-smooth-scroll-links,50000
woocommerce-jetpack,50000
themify-portfolio-post,50000
wp-performance-score-booster,50000
custom-twitter-feeds,50000
accesspress-social-icons,50000
breeze,50000
contact-form-7-style,50000
profile-builder,50000
facebook-conversion-pixel,50000
timthumb-vulnerability-scanner,50000
printfriendly,50000
multiple-post-thumbnails,50000
lockdown-wp-admin,50000
tweet-old-post,50000
booking,50000
lj-maintenance-mode,50000
meta-tag-manager,50000
wp-robots-txt,50000
testimonial-rotator,50000
mailchimp-forms-by-mailmunch,50000
bulk-delete,50000
easing-slider,50000
html-on-pages,50000
wp-to-twitter,50000
storefront-product-sharing,50000
advanced-iframe,50000
disable-json-api,50000
constant-contact-forms,50000
persian-woocommerce,50000
if-menu,50000
woo-order-export-lite,50000
svg-vector-icon-plugin,50000
contact-form-7-simple-recaptcha,50000
wp-mail-bank,50000
media-library-assistant,50000
seo-automatic-links,50000
file-manager,50000
intergeo-maps,50000
go-live-update-urls,50000
xserver-typesquare-webfonts,50000
eps-301-redirects,50000
adrotate,50000
pc-robotstxt,50000
what-the-file,50000
rss-importer,50000
ps-disable-auto-formatting,50000
string-locator,50000
image-watermark,50000
xcloner-backup-and-restore,50000
meteor-slides,50000
wpdiscuz,50000
wp-total-hacks,50000
contact-form-7-add-confirm,50000
wpide,50000
product-import-export-for-woo,50000
jquery-colorbox,50000
wp-product-review,50000
easy-social-icons,50000
ultimate-google-analytics,50000
widget-settings-importexport,50000
loginpress,50000
seo-redirection,50000
ocean-demo-import,50000
mollie-payments-for-woocommerce,50000
addons-for-elementor,50000
shariff,50000
public-post-preview,50000
whatshelp-chat-button,50000
mobile-menu,50000
wp-hide-post,50000
crayon-syntax-highlighter,50000
related-posts-for-wp,50000
akismet-privacy-policies,50000
woocommerce-customizer,50000
bootstrap-3-shortcodes,50000
contact-form-maker,50000
page-list,50000
responsive-add-ons,50000
olympus-google-fonts,50000
remove-footer-credit,50000
sakura-rs-wp-ssl,50000
post-thumbnail-editor,50000
advanced-wp-reset,50000
wpremote,50000
post-plugin-library,50000
simple-page-sidebars,50000
paypal-donations,50000
testimonials-widget,50000
one-page-express-companion,50000
wp-admin-ui-customize,50000
twitter,50000
safe-redirect-manager,50000
forget-about-shortcode-buttons,50000
lightbox-gallery,50000
wd-facebook-feed,50000
shortcoder,40000
google-maps-easy,40000
woo-variation-swatches,40000
woocommerce-pagseguro,40000
cherry-sidebars,40000
upload-max-file-size,40000
wp-updates-notifier,40000
lightweight-social-icons,40000
vk-all-in-one-expansion-unit,40000
animate-it,40000
duplicate-menu,40000
custom-field-suite,40000
gallery-plugin,40000
tidio-live-chat,40000
widgets-for-siteorigin,40000
stop-spammer-registrations-plugin,40000
simple-facebook-plugin,40000
ultimate-category-excluder,40000
no-page-comment,40000
modula-best-grid-gallery,40000
rest-api,40000
ajax-load-more,40000
contact-form-builder,40000
woocommerce-germanized,40000
xml-sitemaps-for-videos,40000
pixabay-images,40000
ssh-sftp-updater-support,40000
regenerate-thumbnails-advanced,40000
facebook-by-weblizar,40000
woocommerce-shortcodes,40000
syntaxhighlighter,40000
secure-wordpress,40000
wc-shortcodes,40000
content-aware-sidebars,40000
woocommerce-table-rate-shipping,40000
ag-custom-admin,40000
pinterest-pin-it-button-on-image-hover-and-post,40000
companion-auto-update,40000
hide-featured-image,40000
coming-soon-maintenance-mode-from-acurax,40000
variation-swatches-for-woocommerce,40000
ultimate-responsive-image-slider,40000
live-composer-page-builder,40000
exploit-scanner,40000
uber-login-logo,40000
ckeditor-for-wordpress,40000
icegram,40000
editorial-calendar,40000
ultimate-addons-for-gutenberg,40000
brizy,40000
simple-social-buttons,40000
wp-seopress,40000
bootstrap-for-contact-form-7,40000
robo-gallery,40000
advanced-wp-columns,40000
open-external-links-in-a-new-window,40000
event-organiser,40000
genesis-simple-sidebars,40000
simple-map,40000
ditty-news-ticker,40000
wp-downgrade,40000
easy-testimonials,40000
to-top,40000
fv-wordpress-flowplayer,40000
compact-wp-audio-player,40000
user-access-manager,40000
wp-limit-login-attempts,40000
smartcrawl-seo,40000
affilinet-performance-module,40000
calculated-fields-form,40000
link-juice-keeper,40000
contact-form-7-success-page-redirects,40000
wp-hide-security-enhancer,40000
nivo-slider-lite,40000
gdpr,40000
cookies-for-comments,40000
posts-in-page,40000
wp-seo-structured-data-schema,40000
gwolle-gb,40000
wp-analytify,40000
envato-elements,40000
my-custom-functions,40000
accesspress-social-counter,40000
wp-htaccess-editor,40000
visitors-traffic-real-time-statistics,40000
easy-video-player,40000
amazon-s3-and-cloudfront,40000
remove-dashboard-access-for-non-admins,40000
genesis-simple-share,40000
yith-woocommerce-catalog-mode,40000
cf7-widget-elementor,40000
wp-external-links,40000
woocommerce-currency-switcher,40000
header-footer-code-manager,40000
ip-geo-block,40000
meks-smart-social-widget,40000
gmap-embed,40000
jquery-updater,40000
advanced-database-cleaner,40000
wp-logo-showcase-responsive-slider-slider,40000
sidebar-login,40000
html-editor-syntax-highlighter,40000
captcha-code-authentication,40000
get-the-image,40000
simple-author-box,40000
wp-translitera,40000
no-self-ping,40000
wp-parsidate,40000
oh-add-script-header-footer,40000
advanced-cf7-db,40000
post-tags-and-categories-for-pages,40000
analytics-counter,40000
amazon-web-services,40000
smart-youtube,40000
speed-booster-pack,40000
redis-cache,40000
homepage-control,40000
smtp-mailer,40000
woocommerce-delivery-notes,40000
advanced-nocaptcha-recaptcha,40000
team-members,40000
scroll-back-to-top,40000
multi-device-switcher,40000
wordpress-simple-paypal-shopping-cart,40000
tabby-responsive-tabs,40000
custom-post-template,40000
insta-gallery,40000
woocommerce-correios,40000
media-file-renamer,40000
404-redirection,40000
protect-wp-admin,40000
blogvault-real-time-backup,40000
woocommerce-extra-checkout-fields-for-brazil,40000
raw-html,40000
json-api,40000
display-php-version,40000
floating-social-media-icon,40000
spiderblocker,40000
wp-staging,40000
hide-admin-bar,40000
shapepress-dsgvo,40000
a2-optimized-wp,40000
yandex-metrika,30000
carousel-slider,30000
ajax-search-lite,30000
facebook-auto-publish,30000
livemesh-siteorigin-widgets,30000
wp-subscribe,30000
feedwordpress,30000
remove-google-fonts-references,30000
wp-copyprotect,30000
configure-smtp,30000
visualizer,30000
pixel-caffeine,30000
cmp-coming-soon-maintenance,30000
wp-content-copy-protection,30000
wp-table-reloaded,30000
jquery-smooth-scroll,30000
erident-custom-login-and-dashboard,30000
html-sitemap,30000
post-snippets,30000
modal-for-elementor,30000
wp-seo-qtranslate-x,30000
metronet-profile-picture,30000
wp-fail2ban,30000
disable-feeds,30000
leaflet-maps-marker,30000
comments-from-facebook,30000
awesome-weather,30000
simple-membership,30000
facebook-page-feed-graph-api,30000
elementor-templater,30000
woocommerce-grid-list-toggle,30000
easy-bootstrap-shortcodes,30000
italy-cookie-choices,30000
nk-google-analytics,30000
easy-watermark,30000
wp-math-captcha,30000
meks-flexible-shortcodes,30000
similar-posts,30000
related-posts-thumbnails,30000
favicon-rotator,30000
ultimate-form-builder-lite,30000
final-tiles-grid-gallery-lite,30000
translatepress-multilingual,30000
insert-php-code-snippet,30000
baw-login-logout-menu,30000
timber-library,30000
debug-bar,30000
mailin,30000
spicebox,30000
insert-html-snippet,30000
custom-contact-forms,30000
stop-user-enumeration,30000
pricing-table-by-supsystic,30000
hyper-cache,30000
jquery-pin-it-button-for-images,30000
simple-wp-sitemap,30000
wp-force-https,30000
newstatpress,30000
jquery-vertical-accordion-menu,30000
bad-behavior,30000
stream,30000
custom-post-widget,30000
ocean-social-sharing,30000
iubenda-cookie-law-solution,30000
easy-pricing-tables,30000
rocket-lazy-load,30000
meks-smart-author-widget,30000
intelly-related-posts,30000
genesis-title-toggle,30000
wp-less,30000
top-10,30000
fb-messenger-live-chat,30000
tiled-gallery-carousel-without-jetpack,30000
scripts-n-styles,30000
shortcode-in-menus,30000
typekit-fonts-for-wordpress,30000
flash-toolkit,30000
insert-pages,30000
event-tickets,30000
wysiwyg-widgets,30000
wp-author-date-and-meta-remover,30000
featured-video-plus,30000
www-xml-sitemap-generator-org,30000
saphali-woocommerce-lite,30000
iq-block-country,30000
search-filter,30000
wp-meta-seo,30000
ultimate-faqs,30000
wp-clean-up,30000
tinymce-templates,30000
social-icons,30000
ultimate-posts-widget,30000
meks-easy-ads-widget,30000
pixtypes,30000
menu-social-icons,30000
co-authors-plus,30000
wp-whatsapp-chat,30000
data-tables-generator-by-supsystic,30000
wp-disable,30000
wpfront-notification-bar,30000
delete-all-comments-easily,30000
woocommerce-advanced-free-shipping,30000
import-users-from-csv-with-meta,30000
wpml-widgets,30000
my-calendar,30000
sociable,30000
google-authenticator,30000
crazy-bone,30000
projects-by-woothemes,30000
templatesnext-toolkit,30000
js-composer-qtranslate-x,30000
analytics-code,30000
blog2social,30000
social-count-plus,30000
genesis-connect-woocommerce,30000
kiwi-social-share,30000
post-type-archive-links,30000
popup-by-supsystic,30000
robin-image-optimizer,30000
sem-external-links,30000
remove-yoast-seo-comments,30000
ti-woocommerce-wishlist,30000
anywhere-elementor,30000
fullwidth-templates,30000
search-meter,30000
orbisius-child-theme-creator,30000
acf-qtranslate,30000
woocommerce-xml-csv-product-import,30000
dynamic-to-top,30000
kraken-image-optimizer,30000
hide-my-site,30000
search-exclude,30000
server-ip-memory-usage,30000
shortcode-ui,30000
video-embed-thumbnail-generator,30000
creame-whatsapp-me,30000
feedzy-rss-feeds,30000
woocommerce-colors,30000
google-pagespeed-insights,30000
wufoo-shortcode,30000
cookiebot,30000
conditional-menus,30000
clean-and-simple-contact-form-by-meg-nicholas,30000
root-relative-urls,30000
font-organizer,30000
accordions,30000
quick-featured-images,30000
shortcode-widget,30000
activecampaign-subscription-forms,30000
theme-junkie-custom-css,30000
whats-new-genarator,30000
acme-demo-setup,30000
font-awesome,30000
advanced-image-styles,30000
learnpress-course-review,30000
advanced-sidebar-menu,30000
wp-maintenance,30000
site-is-offline-plugin,30000
featured-image-from-url,30000
blog-designer,30000
cherry-testi,30000
soundcloud-shortcode,30000
wp-show-posts,30000
jivochat,30000
customify,30000
any-mobile-theme-switcher,30000
wp-media-library-categories,30000
catch-ids,30000
colorlib-login-customizer,30000
easy-modal,30000
enhanced-e-commerce-for-woocommerce-store,30000
wassup,30000
contact-form-to-email,30000
email-encoder-bundle,30000
yellow-pencil-visual-theme-customizer,30000
hide-admin-bar-from-non-admins,30000
auxin-elements,30000
cherry-services-list,30000
youtube-channel-gallery,30000
miniorange-login-openid,30000
